model;mse;r2;rmse
LinearRegression;293.81978608043096;0.3157387690966969;17.14117224930754
XGBoost;275.0799511479502;0.3593809713080681;16.585534394403762
LightGBMRegressor;223.3547665973105;0.4798409951937042;14.94505826677536
GradientBoostedRegresion;224.7494153073973;0.4765930721869792;14.99164484996217
DecisionTreeRegressor;247.05582598310704;0.4246448619264983;15.718009606279894
RandomForestRegressor;214.4003479945158;0.5006944631541448;14.64241605728084
